startTime,endTime,price
00:00,00:15,42.50
00:15,00:30,41.20
00:30,00:45,40.80
00:45,01:00,39.50
01:00,01:15,38.90
01:15,01:30,38.20
01:30,01:45,37.80
01:45,02:00,37.50
02:00,02:15,37.10
02:15,02:30,37.30
02:30,02:45,37.90
02:45,03:00,38.50
03:00,03:15,39.10
03:15,03:30,39.80
03:30,03:45,40.50
03:45,04:00,41.20
04:00,04:15,42.00
04:15,04:30,42.90
04:30,04:45,43.80
04:45,05:00,44.70
05:00,05:15,45.50
05:15,05:30,46.30
05:30,05:45,47.10
05:45,06:00,47.80
06:00,06:15,48.50
06:15,06:30,49.80
06:30,06:45,51.20
06:45,07:00,52.60
07:00,07:15,54.10
07:15,07:30,55.60
07:30,07:45,57.10
07:45,08:00,58.50
08:00,08:15,59.80
08:15,08:30,60.90
08:30,08:45,61.80
08:45,09:00,62.50
09:00,09:15,63.00
09:15,09:30,63.30
09:30,09:45,63.40
09:45,10:00,63.30
10:00,10:15,63.00
10:15,10:30,62.50
10:30,10:45,61.90
10:45,11:00,61.20
11:00,11:15,60.50
11:15,11:30,59.80
11:30,11:45,59.20
11:45,12:00,58.60
12:00,12:15,58.50
12:15,12:30,58.80
12:30,12:45,59.40
12:45,13:00,60.20
13:00,13:15,61.10
13:15,13:30,62.00
13:30,13:45,62.80
13:45,14:00,63.40
14:00,14:15,63.70
14:15,14:30,63.80
14:30,14:45,63.70
14:45,15:00,63.40
15:00,15:15,62.90
15:15,15:30,62.20
15:30,15:45,61.40
15:45,16:00,60.60
16:00,16:15,59.80
16:15,16:30,58.90
16:30,16:45,57.90
16:45,17:00,56.90
17:00,17:15,55.80
17:15,17:30,54.70
17:30,17:45,53.50
17:45,18:00,52.30
18:00,18:15,51.20
18:15,18:30,50.30
18:30,18:45,49.50
18:45,19:00,48.80
19:00,19:15,48.20
19:15,19:30,47.70
19:30,19:45,47.30
19:45,20:00,47.00
20:00,20:15,46.80
20:15,20:30,46.60
20:30,20:45,46.40
20:45,21:00,46.20
21:00,21:15,46.00
21:15,21:30,45.70
21:30,21:45,45.30
21:45,22:00,44.90
22:00,22:15,44.40
22:15,22:30,43.80
22:30,22:45,43.20
22:45,23:00,42.50
23:00,23:15,41.80
23:15,23:30,41.10
23:30,23:45,40.40
23:45,00:00,39.70
